<?xml version="1.0" encoding="UTF-8"?>
<project-private xmlns="http://www.netbeans.org/ns/project-private/1">
    <editor-bookmarks xmlns="http://www.netbeans.org/ns/editor-bookmarks/2" lastBookmarkId="0"/>
    <open-files xmlns="http://www.netbeans.org/ns/projectui-open-files/2">
        <group>
            <file>file:/C:/Users/isaac/OneDrive/Documentos/NetBeansProjects/Proyecto/src/EstrDeDatos/InfPer.java</file>
            <file>file:/C:/Users/isaac/OneDrive/Documentos/NetBeansProjects/Proyecto/src/EstrDeDatos/Nodo1.java</file>
            <file>file:/C:/Users/isaac/OneDrive/Documentos/NetBeansProjects/Proyecto/src/EstrDeDatos/Factura.java</file>
            <file>file:/C:/Users/isaac/OneDrive/Documentos/NetBeansProjects/Proyecto/src/EstrDeDatos/Conciertos.java</file>
            <file>file:/C:/Users/isaac/OneDrive/Documentos/NetBeansProjects/Proyecto/src/EstrDeDatos/ProTickets.java</file>
        </group>
    </open-files>
</project-private>
